{"cameraMode":{"drawMode":0,"name":"Shaded","section":"Shading Mode"},"sceneLighting":true,"audioPlay":false,"sceneViewState":{"m_AlwaysRefresh":false,"showFog":true,"showSkybox":true,"showFlares":true,"showImageEffects":true,"showParticleSystems":true,"showVisualEffectGraphs":true,"m_FxEnabled":true},"in2DMode":false,"pivot":{"x":0.7937870025634766,"y":-10.782522201538086,"z":2.2674832344055177},"rotation":{"x":-0.22148126363754273,"y":-0.4959224760532379,"z":0.13243652880191804,"w":-0.8291904330253601},"size":2.0192086696624758,"orthographic":false}