{"cameraMode":{"drawMode":0,"name":"Shaded","section":"Shading Mode"},"sceneLighting":true,"audioPlay":false,"sceneViewState":{"m_AlwaysRefresh":false,"showFog":true,"showSkybox":true,"showFlares":true,"showImageEffects":true,"showParticleSystems":true,"showVisualEffectGraphs":true,"m_FxEnabled":true},"in2DMode":false,"pivot":{"x":0.002161353826522827,"y":0.9582425355911255,"z":0.013398736715316773},"rotation":{"x":0.0423954501748085,"y":-0.9515213370323181,"z":0.1556466966867447,"w":0.2625076472759247},"size":2.5731256008148195,"orthographic":false}