{"cameraMode":{"drawMode":0,"name":"Shaded","section":"Shading Mode"},"sceneLighting":true,"audioPlay":false,"sceneViewState":{"m_AlwaysRefresh":false,"showFog":true,"showSkybox":true,"showFlares":true,"showImageEffects":true,"showParticleSystems":true,"showVisualEffectGraphs":true,"m_FxEnabled":true},"in2DMode":false,"pivot":{"x":42.400489807128909,"y":-17.762649536132814,"z":38.00102996826172},"rotation":{"x":-0.25128594040870669,"y":-0.5029509663581848,"z":0.15558549761772157,"w":-0.8123545050621033},"size":12.503263473510743,"orthographic":false}