{"cameraMode":{"drawMode":0,"name":"Shaded","section":"Shading Mode"},"sceneLighting":true,"audioPlay":false,"sceneViewState":{"m_AlwaysRefresh":false,"showFog":true,"showSkybox":true,"showFlares":true,"showImageEffects":true,"showParticleSystems":true,"showVisualEffectGraphs":true,"m_FxEnabled":true},"in2DMode":false,"pivot":{"x":16.60919189453125,"y":-12.230347633361817,"z":12.404623985290528},"rotation":{"x":-0.1146111711859703,"y":-0.8406277298927307,"z":0.49198293685913088,"w":-0.19590811431407929},"size":11.638609886169434,"orthographic":false}